0x016C090630DF1F89,0x7F2356076C3D052D
0x01B8247A7A8B9AD1,0x9E2D35FA908F57B4
0x01BA3AED21C16CFB,0x091DA52005030F41
0x0225778816FDC28C,0xC30B691CAD767629
0x026FB97D0A425F84,0x4CBC5D1BC117616B
0x03E8D3D5F549087A,0xC93BAF616F1C680F
0x068E835A1D0DC0E3,0x21172E4DF035B893
0x0725A4CCFDED9A70,0x4D5D5614C2DF76F4
0x07503F7948F491A7,0xEA2D52183C7EA9CF
0x07E5B515DB0636FC,0xE37AF9002E782BA0
0x0B4DF1FA60C0E664,0x0EE2019295C31BBA
0x0EF93E9F3D08C178,0x9AFEC71EEA2F7754
0x0F07E7745A236711,0x80F87A4A3B930613
0x10FAB35428CCC9D7,0x76CD105BCAC6EB9F
0x11E65974A982637C,0xF069618D9974EB9D
0x13D2B8ADD79640F2,0x18E502A71E28968C
0x142A02425FF02BD9,0x21B9EFA4B4AA3A5B
0x14D6F5678D8F1B37,0xCF141FCD0940B0A3
0x1760FFA8AB074D66,0x999C62072AF920FD
0x183DADC6AA953186,0x53A38286A3AC16C1
0x1913FE4CBF41C463,0x0428AFDCAA63B06E
0x1A9205C1B9EE827F,0x44C48AC14D3C09ED
0x1DD55701034110E5,0x2399A6E4929050EE
0x202709F4C58A0424,0xCCDB0041859B85A6
0x2107BA504071A6BB,0xF8F35890F43ED2AE
0x2206BF9A37B7F724,0xDCAFFD08A08087EB
0x2238E588E588A6D7,0xDB37962FDFC63FD7
0x239528EACDC3E7DE,0x2B52F77101390E6F
0x239A3351AC1DA385,0x62C438C53BB57AFD
0x2497C4717C8B881E,0xC229299217554C78
0x25223CA6B4D20B7F,0x5295501D0862870D
0x25F87B30C382FCA7,0x0C9B2F8C2BD128C2
0x28579D1B8F8AAC80,0x26C582EF5CD8A3A2
0x28D3FED7190D3A0B,0x5B702A5D1F2635BE
0x2C933ABF17A1DF41,0x5C483F4653DC993C
0x2E397FD2ECD37C87,0x1C751EF63BF4D501
0x2ED7843F8F801023,0x25ABFB435E16C7D9
0x305C8DCD79DA8B0F,0x61C3701AD6D746B2
0x32C62AA929C2DA6A,0xDAA51A56DBEC0391
0x3317DEDB88C95038,0x89568FA9A6BC0B4A
0x338D2E3477711050,0x58A3B74F26D2B532
0x34E82F05DF2974F5,0x2F8A75C70AF54208
0x36E353271F0E90EE,0x92A65766A892EFC6
0x377906D8A31E5586,0x14C30F326F5883DA
0x3882114BDE571AD4,0x935364B4448CD584
0x39FF19C64EF7DA5B,0xE20A252886E4FE1D
0x3A618A217E5154F0,0x81645EE95A114FAE
0x3B390A939AF0B5FC,0x484426882F80CACE
0x3BCF567485E1971C,0xDA3EE68EF78AA786
0x3C606747B23E497B,0x1090EAA386FB31A8
0x3D87450E15D98694,0x0E7DD1EBCA8D2DE3
0x3FEF770D40960D5A,0xD1A6A821F5AC81DB
0x4055E40BD2DBEC1D,0xB9C1EC5EDDAAA115
0x428CA6DBD1094446,0x5D7CD709B34C90F0
0x44A0870B7E92D7C0,0xC1DAC4DA85BB166D
0x47C3B5848C3E45D8,0xCBE10A13619B9FAA
0x4805D2B1D8CF94A9,0xE5741C6B6539231F
0x487A82C650EB7799,0x9B669C0440D2AB57
0x49733E92263139D1,0x1DE99C193C7EC64B
0x4D41783FB745E42E,0x1761457F86AD0EE2
0x4D9CA1009AFBD057,0xD0764B65C2DFEDCA
0x4EDE34FBADD967A6,0x4EDE34FBADD967A6
0x4F8644AF03D0E0D6,0x259BE71D8A81D4FA
0x539E0AE3E6634B9F,0x51C8BEA2005931AB
0x5443438F033E29C3,0xA10F939489C3BE61
0x5927F96A78577363,0xF88FC425EC7D675D
0x5A4F9EDF1673F704,0xF20AB5C13902BB8A
0x5B4E4C817FCC2DFB,0x958849BB56EC0F07
0x5BA7919BED300023,0x9E6CC93E007219AC
0x65019750A0324133,0x9FA6E15C7A998E4F
0x697157CED63F18D4,0x39AB1812D20C2C99
0x6B76DC1F3AE6E6A3,0xD25E9BDC14A0B649
0x6B83617E04503888,0xC86536B840EE3AB3
0x6C188BE134E074AA,0x60D332F23943B34F
0x6D0858B8EDFD2B7D,0xD815D4BD1AE9E85A
0x70A2D1137C8ED7C9,0x1CA08719184AFC6F
0x719FF505F097FD20,0x43AE50D2A33F6E2A
0x7239B21A38F536BA,0xFC8BFE4B41177C22
0x7AEFB85C1D49DEB6,0xC652B7E19CE29859
0x7DBDD04862D95F04,0x2A661A0285B74A27
0x7DCE8BDA0F1C1200,0x333554781C7582D7
0x7DD959874C1FD534,0x8728A378EF2B46B2
0x80EC114669DAEFF4,0xB99978989A0F4E57
0x82E7FFCD5B2326B3,0x886C31F5E888F079
0x837765A25378F0BB,0xD84A545408A3099A
0x8524A8B0171D5E07,0xCF39804E8C88080E
0x85973643155D0B07,0x5E5CEC33463AD803
0x865908C81A2C22E9,0x85E6A1E36B5E2E4D
0x867654CBC7606F2C,0xA934E5D7EEE03C7E
0x873C9F3104101DD3,0x21564F65F997D833
0x891B5B39AC6302AF,0x8F72AF14CE5AACE4
0x8ACD366038D14505,0x75A2D1BBA9D95D0E
0x8D4D46230B2C353A,0x3B5989D5DB08A155
0x8E2530AA8ADA980E,0x5C96CEA06531AB03
0x91AEF906BCA88877,0xDEE3EFEA31A1F555
0x94587F17E9C365D5,0xFD251F92B546F389
0x9541D3CF0D398F36,0x8A3572575D91006C
0x95E3D6257B166CF2,0xF9A2335AB37CF17E
0x9614299DCB53E54B,0x734A9F4537A31459
0x963D27A58DF860AC,0xEC9DAA34BBB4658C
0x971D38760FBC02EF,0x44FB298D6382876D
0x98A4EB5D89A0C952,0x6252BC0DD8A320DB
0x991251AFC3981F84,0x0CB7695268A7F50F
0x997ABD671D25CA0B,0x7F420695E3F776FB
0x9A294B2138ABB884,0x43AFC452F25F3A2F
0x9A9112A0FE9A4713,0x6EF03BE64E058E2F
0x9CD27B0045628463,0x1DD05E817C89C737
0x9DE624D2FC4B603F,0x2312C61FB9082621
0x9E4CFFF989258472,0x9136D50973A71229
0x9F7794730795E019,0xBE8796DB2B90A437
0x9F8AA94D6D97DBF4,0xAAA71DD7E9059338
0xA178472EBB8AE60D,0xA9F7300B498DDED7
0xA200EB1EE790F448,0x02AF3EA0F67D2329
0xA43D5C6FE51ADBEF,0x88791F880F624022
0xA4FF579AC0E3AAAE,0x655E58062EC2D269
0xAA5F02DB48D704B9,0xDAE61414743C8D1D
0xAB0F816885B0E483,0x8764A5B95AE1F967
0xACCFB4ACF53551B0,0x4A3280817398D754
0xAD738C3085FE7E11,0xEE0BCDB1B5E36BCB
0xADF692B254977C0C,0x3C0F448853B71C92
0xAE3CBE5BF394C9C9,0x81A7F3CD719DD53B
0xAE99FB955581844A,0xB1C2DC5C115FA50D
0xAF35D0D2583051B0,0x5779387E956077A6
0xB0034A223497FFCB,0x4D9174D8796EA622
0xB128377056A54E2A,0x9FF00EA9A61211D2
0xB13C14F66A00D047,0x58BDA5D9262F5D30
0xB16FCE9DDC7BA182,0x15CCE8886267624F
0xB302540597885499,0x3C482AC51A8E85DC
0xB4EC2312F4E5B1F1,0x64BB72494B9DF6DC
0xBB9CE077274F6A1B,0x761F56E633460973
0xBBC08F6B4CB8FF0A,0x0E9A1CE27A31950D
0xBF0FD6E56C964FCB,0xB41DEC3AAC1AA107
0xBF25EB89375A37AD,0xD414C47AFF81382A
0xC0296A2EDF545E92,0x441B9C85D0FFA9ED
0xC197616D221FF4A4,0x6981C3213B841071
0xC3981DCE61D9E13F,0x69D23632E4288DBD
0xC5F68BE9613E2D18,0xE592D924D5438108
0xC7622C0D36B2FDA8,0x139711196A42A037
0xC80A74AC829DDD92,0x3CEA1FD137ACE2D9
0xC906A7DAB05C8D2B,0xB1EAADCB692D69CE
0xCEA04D83135264CC,0x10A676E622A468AA
0xD0082607100D7193,0x8AB042CB33EAECD2
0xD031A9162D01088C,0xE100DD4F82A51BDE
0xD24D37CC275948CC,0x70E57E9927B6BA58
0xD3BD40951412FEF6,0x80813AC549A1E8AE
0xD46923FC481CA285,0x7009D885379C8CDF
0xD49F9B0955C367DE,0xB1DBFEB95C0EFB88
0xD4E8E24955024033,0x10B228D2FDB7AF16
0xD76B57B44F1E6F8B,0x63C8DCBEC1CF8225
0xD80958FC74E988A6,0x4A8C381C258A124D
0xD9D2CFFF49FAB35F,0x3555462DB47B7AB1
0xDB172424876553F4,0xE383E18054CA323B
0xDFC8CBC606FDB0FC,0xD787990C7B67C7F0
0xE0A7D1E497FFCD6F,0x42C9A22D6724F283
0xE135A9FF3F5D05D8,0xA612CEAF809E9032
0xE1EF3C1216AFF2CD,0x974022927CB47E68
0xE28E54788CE8F12D,0xE7B45027762DEFE7
0xE3AD2BDBAEE269AC,0xD2FD15A3D9DEE4CC
0xE532F5D78798DAAB,0x55098D9E9AD58806
0xE83D4F9BA2A38914,0xCFC0C995455A6204
0xE8A25867FBA3B05E,0x11E5CA6A9B6D7D2A
0xEA1C610A04DB6BBB,0x4285E11B28063EE0
0xEA47FE3719165B94,0x10425721983AE158
0xEBD76F2359F190AC,0xE915224DCA36212A
0xED712CA327900C8A,0xE38A58649E049502
0xEEF059FAD016D209,0x8D91ADE44AC79BC9
0xF166E48407BAC484,0x62A5310368A20EFA
0xF29CF591C4BF6CEE,0x25DBF9F9C6BDFFEA
0xF2A1B2771A01DBD4,0x748651DF4DA0A890
0xF372BC22FCB88606,0x06CD913C241C765E
0xF4924635A19EB37D,0x4539850624F18A9E
0xF4F2C0D4EE209E20,0x513E63C787EE96A7
0xF5F6378C4F3419D3,0x36A20106D0B42723
0xF6A9D9708F6F23DF,0x604C09F6A880730D
0xFAEE099C6F890BB8,0xD0F1DB0E50B367AD
0xFB5045B7C42B75BF,0xE0F4EA3A654155A3
0xFB92A102F1C4DFA3,0x9857C978BD3CBEDA
0xFC8202EFC642E6F2,0x8034325BF6D6E41F
0xFD55E49555E017CF,0xD5681045964A2975
0xFE99B66D079CF6BC,0x66EFB3D6110055C4
0xFF059E1E4C01E63C,0x0DFE7358172FC006
0xFF071FB798B803B0,0x813ADF2A2A03F440
